<?xml version="1.0" encoding="UTF-8"?>
<DEFECTS>
  <DEFECT>
    <SFA>
      <FILEPATH>e:\学习\大三上\编译技术\编译技术课程设计\1200cc\1200cc\</FILEPATH>
      <FILENAME>util.c</FILENAME>
      <LINE>24</LINE>
      <COLUMN>15</COLUMN>
    </SFA>
    <DEFECTCODE>6330</DEFECTCODE>
    <DESCRIPTION>已将“char”作为 _Param_(1) 传递，但需要使用“unsigned char”来调用“isalpha”。</DESCRIPTION>
    <FUNCTION>is_alpha</FUNCTION>
    <DECORATED>is_alpha</DECORATED>
    <FUNCLINE>22</FUNCLINE>
    <PATH></PATH>
  </DEFECT>
  <DEFECT>
    <SFA>
      <FILEPATH>e:\学习\大三上\编译技术\编译技术课程设计\1200cc\1200cc\</FILEPATH>
      <FILENAME>util.c</FILENAME>
      <LINE>58</LINE>
      <COLUMN>13</COLUMN>
    </SFA>
    <DEFECTCODE>6011</DEFECTCODE>
    <DESCRIPTION>取消对 NULL 指针“v”的引用。</DESCRIPTION>
    <FUNCTION>new_vec</FUNCTION>
    <DECORATED>new_vec</DECORATED>
    <FUNCLINE>55</FUNCLINE>
    <PROBABILITY>1</PROBABILITY>
    <RANK>4</RANK>
    <CATEGORY>
      <RULECATEGORY>mspft</RULECATEGORY>
    </CATEGORY>
    <PATH>
      <SFA>
        <FILEPATH>e:\学习\大三上\编译技术\编译技术课程设计\1200cc\1200cc\</FILEPATH>
        <FILENAME>util.c</FILENAME>
        <LINE>57</LINE>
        <COLUMN>9</COLUMN>
        <KEYEVENT>
          <ID>1</ID>
          <KIND>声明</KIND>
          <IMPORTANCE>Essential</IMPORTANCE>
          <MESSAGE>“v”可能为 NULL</MESSAGE>
        </KEYEVENT>
      </SFA>
      <SFA>
        <FILEPATH>e:\学习\大三上\编译技术\编译技术课程设计\1200cc\1200cc\</FILEPATH>
        <FILENAME>util.c</FILENAME>
        <LINE>58</LINE>
        <COLUMN>13</COLUMN>
        <KEYEVENT>
          <ID>2</ID>
          <KIND>使用情况</KIND>
          <IMPORTANCE>Essential</IMPORTANCE>
          <MESSAGE>已取消对“v”的引用，但可能仍为 NULL</MESSAGE>
        </KEYEVENT>
      </SFA>
    </PATH>
  </DEFECT>
  <DEFECT>
    <SFA>
      <FILEPATH>e:\学习\大三上\编译技术\编译技术课程设计\1200cc\1200cc\</FILEPATH>
      <FILENAME>util.c</FILENAME>
      <LINE>70</LINE>
      <COLUMN>19</COLUMN>
    </SFA>
    <DEFECTCODE>6308</DEFECTCODE>
    <DESCRIPTION>“realloc”可能返回 null 指针: 将 null 指针赋给“v-&gt;data”(后者将作为参数传递给“realloc”)将导致原始内存块泄漏。</DESCRIPTION>
    <FUNCTION>vec_put</FUNCTION>
    <DECORATED>vec_put</DECORATED>
    <FUNCLINE>66</FUNCLINE>
    <PATH></PATH>
  </DEFECT>
  <DEFECT>
    <SFA>
      <FILEPATH>e:\学习\大三上\编译技术\编译技术课程设计\1200cc\1200cc\</FILEPATH>
      <FILENAME>util.c</FILENAME>
      <LINE>72</LINE>
      <COLUMN>19</COLUMN>
    </SFA>
    <DEFECTCODE>28182</DEFECTCODE>
    <DESCRIPTION>取消对 NULL 指针的引用。“v-&gt;data”包含与“realloc()`70”相同的 NULL 值。</DESCRIPTION>
    <FUNCTION>vec_put</FUNCTION>
    <DECORATED>vec_put</DECORATED>
    <FUNCLINE>66</FUNCLINE>
    <PROBABILITY>1</PROBABILITY>
    <RANK>3</RANK>
    <CATEGORY>
      <RULECATEGORY>mspft</RULECATEGORY>
    </CATEGORY>
    <PATH>
      <SFA>
        <FILEPATH>e:\学习\大三上\编译技术\编译技术课程设计\1200cc\1200cc\</FILEPATH>
        <FILENAME>util.c</FILENAME>
        <LINE>68</LINE>
        <COLUMN>17</COLUMN>
      </SFA>
      <SFA>
        <FILEPATH>e:\学习\大三上\编译技术\编译技术课程设计\1200cc\1200cc\</FILEPATH>
        <FILENAME>util.c</FILENAME>
        <LINE>69</LINE>
        <COLUMN>14</COLUMN>
      </SFA>
      <SFA>
        <FILEPATH>e:\学习\大三上\编译技术\编译技术课程设计\1200cc\1200cc\</FILEPATH>
        <FILENAME>util.c</FILENAME>
        <LINE>70</LINE>
        <COLUMN>10</COLUMN>
        <KEYEVENT>
          <ID>1</ID>
          <KIND>声明</KIND>
          <IMPORTANCE>Essential</IMPORTANCE>
          <MESSAGE>“*v”可能为 NULL</MESSAGE>
        </KEYEVENT>
      </SFA>
      <SFA>
        <FILEPATH>e:\学习\大三上\编译技术\编译技术课程设计\1200cc\1200cc\</FILEPATH>
        <FILENAME>util.c</FILENAME>
        <LINE>72</LINE>
        <COLUMN>19</COLUMN>
        <KEYEVENT>
          <ID>2</ID>
          <KIND>使用情况</KIND>
          <IMPORTANCE>Essential</IMPORTANCE>
          <MESSAGE>已取消对“*v”的引用，但可能仍为 NULL</MESSAGE>
        </KEYEVENT>
      </SFA>
    </PATH>
  </DEFECT>
  <DEFECT>
    <SFA>
      <FILEPATH>e:\学习\大三上\编译技术\编译技术课程设计\1200cc\1200cc\</FILEPATH>
      <FILENAME>util.c</FILENAME>
      <LINE>91</LINE>
      <COLUMN>11</COLUMN>
    </SFA>
    <DEFECTCODE>6011</DEFECTCODE>
    <DESCRIPTION>取消对 NULL 指针“map”的引用。</DESCRIPTION>
    <FUNCTION>new_map</FUNCTION>
    <DECORATED>new_map</DECORATED>
    <FUNCLINE>88</FUNCLINE>
    <PROBABILITY>1</PROBABILITY>
    <RANK>4</RANK>
    <CATEGORY>
      <RULECATEGORY>mspft</RULECATEGORY>
    </CATEGORY>
    <PATH>
      <SFA>
        <FILEPATH>e:\学习\大三上\编译技术\编译技术课程设计\1200cc\1200cc\</FILEPATH>
        <FILENAME>util.c</FILENAME>
        <LINE>90</LINE>
        <COLUMN>6</COLUMN>
        <KEYEVENT>
          <ID>1</ID>
          <KIND>声明</KIND>
          <IMPORTANCE>Essential</IMPORTANCE>
          <MESSAGE>“map”可能为 NULL</MESSAGE>
        </KEYEVENT>
      </SFA>
      <SFA>
        <FILEPATH>e:\学习\大三上\编译技术\编译技术课程设计\1200cc\1200cc\</FILEPATH>
        <FILENAME>util.c</FILENAME>
        <LINE>91</LINE>
        <COLUMN>11</COLUMN>
        <KEYEVENT>
          <ID>2</ID>
          <KIND>使用情况</KIND>
          <IMPORTANCE>Essential</IMPORTANCE>
          <MESSAGE>已取消对“map”的引用，但可能仍为 NULL</MESSAGE>
        </KEYEVENT>
      </SFA>
    </PATH>
  </DEFECT>
  <DEFECT>
    <SFA>
      <FILEPATH>e:\学习\大三上\编译技术\编译技术课程设计\1200cc\1200cc\</FILEPATH>
      <FILENAME>util.c</FILENAME>
      <LINE>126</LINE>
      <COLUMN>14</COLUMN>
    </SFA>
    <DEFECTCODE>6011</DEFECTCODE>
    <DESCRIPTION>取消对 NULL 指针“sb”的引用。</DESCRIPTION>
    <FUNCTION>new_sb</FUNCTION>
    <DECORATED>new_sb</DECORATED>
    <FUNCLINE>123</FUNCLINE>
    <PROBABILITY>1</PROBABILITY>
    <RANK>4</RANK>
    <CATEGORY>
      <RULECATEGORY>mspft</RULECATEGORY>
    </CATEGORY>
    <PATH>
      <SFA>
        <FILEPATH>e:\学习\大三上\编译技术\编译技术课程设计\1200cc\1200cc\</FILEPATH>
        <FILENAME>util.c</FILENAME>
        <LINE>125</LINE>
        <COLUMN>16</COLUMN>
        <KEYEVENT>
          <ID>1</ID>
          <KIND>声明</KIND>
          <IMPORTANCE>Essential</IMPORTANCE>
          <MESSAGE>“sb”可能为 NULL</MESSAGE>
        </KEYEVENT>
      </SFA>
      <SFA>
        <FILEPATH>e:\学习\大三上\编译技术\编译技术课程设计\1200cc\1200cc\</FILEPATH>
        <FILENAME>util.c</FILENAME>
        <LINE>126</LINE>
        <COLUMN>14</COLUMN>
        <KEYEVENT>
          <ID>2</ID>
          <KIND>使用情况</KIND>
          <IMPORTANCE>Essential</IMPORTANCE>
          <MESSAGE>已取消对“sb”的引用，但可能仍为 NULL</MESSAGE>
        </KEYEVENT>
      </SFA>
    </PATH>
  </DEFECT>
  <DEFECT>
    <SFA>
      <FILEPATH>e:\学习\大三上\编译技术\编译技术课程设计\1200cc\1200cc\</FILEPATH>
      <FILENAME>util.c</FILENAME>
      <LINE>140</LINE>
      <COLUMN>19</COLUMN>
    </SFA>
    <DEFECTCODE>6308</DEFECTCODE>
    <DESCRIPTION>“realloc”可能返回 null 指针: 将 null 指针赋给“sb-&gt;data”(后者将作为参数传递给“realloc”)将导致原始内存块泄漏。</DESCRIPTION>
    <FUNCTION>sb_append</FUNCTION>
    <DECORATED>sb_append</DECORATED>
    <FUNCLINE>135</FUNCLINE>
    <PATH></PATH>
  </DEFECT>
  <DEFECT>
    <SFA>
      <FILEPATH>e:\学习\大三上\编译技术\编译技术课程设计\1200cc\1200cc\</FILEPATH>
      <FILENAME>util.c</FILENAME>
      <LINE>149</LINE>
      <COLUMN>7</COLUMN>
    </SFA>
    <DEFECTCODE>6387</DEFECTCODE>
    <DESCRIPTION>“s”可能是“0”: 这不符合函数“memcpy”的规范。</DESCRIPTION>
    <FUNCTION>sb_get</FUNCTION>
    <DECORATED>sb_get</DECORATED>
    <FUNCLINE>146</FUNCLINE>
    <PROBABILITY>1</PROBABILITY>
    <RANK>4</RANK>
    <CATEGORY>
      <RULECATEGORY>mspft</RULECATEGORY>
    </CATEGORY>
    <PATH>
      <SFA>
        <FILEPATH>e:\学习\大三上\编译技术\编译技术课程设计\1200cc\1200cc\</FILEPATH>
        <FILENAME>util.c</FILENAME>
        <LINE>148</LINE>
        <COLUMN>7</COLUMN>
        <KEYEVENT>
          <ID>1</ID>
          <KIND>声明</KIND>
          <IMPORTANCE>Essential</IMPORTANCE>
          <MESSAGE>“s”可能为 NULL</MESSAGE>
        </KEYEVENT>
      </SFA>
      <SFA>
        <FILEPATH>e:\学习\大三上\编译技术\编译技术课程设计\1200cc\1200cc\</FILEPATH>
        <FILENAME>util.c</FILENAME>
        <LINE>149</LINE>
        <COLUMN>7</COLUMN>
        <KEYEVENT>
          <ID>2</ID>
          <KIND>声明</KIND>
          <IMPORTANCE>Full</IMPORTANCE>
          <MESSAGE>“s”是“memcpy”的输入/输出参数(在 c:\program files (x86)\microsoft visual studio 14.0\vc\include\vcruntime_string.h:40 处声明)</MESSAGE>
        </KEYEVENT>
      </SFA>
      <SFA>
        <FILEPATH>e:\学习\大三上\编译技术\编译技术课程设计\1200cc\1200cc\</FILEPATH>
        <FILENAME>util.c</FILENAME>
        <LINE>149</LINE>
        <COLUMN>7</COLUMN>
        <KEYEVENT>
          <ID>3</ID>
          <KIND>使用情况</KIND>
          <IMPORTANCE>Essential</IMPORTANCE>
          <MESSAGE>“s”不应为 NULL，因为这与“memcpy”上的 SAL 批注不一致</MESSAGE>
        </KEYEVENT>
      </SFA>
    </PATH>
  </DEFECT>
  <DEFECT>
    <SFA>
      <FILEPATH>e:\学习\大三上\编译技术\编译技术课程设计\1200cc\1200cc\</FILEPATH>
      <FILENAME>util.c</FILENAME>
      <LINE>150</LINE>
      <COLUMN>12</COLUMN>
    </SFA>
    <DEFECTCODE>6011</DEFECTCODE>
    <DESCRIPTION>取消对 NULL 指针“s”的引用。查看第 149 行以找出可能会发生此情况的前一位置</DESCRIPTION>
    <FUNCTION>sb_get</FUNCTION>
    <DECORATED>sb_get</DECORATED>
    <FUNCLINE>146</FUNCLINE>
    <PROBABILITY>1</PROBABILITY>
    <RANK>4</RANK>
    <CATEGORY>
      <RULECATEGORY>mspft</RULECATEGORY>
    </CATEGORY>
    <PATH>
      <SFA>
        <FILEPATH>e:\学习\大三上\编译技术\编译技术课程设计\1200cc\1200cc\</FILEPATH>
        <FILENAME>util.c</FILENAME>
        <LINE>148</LINE>
        <COLUMN>7</COLUMN>
        <KEYEVENT>
          <ID>1</ID>
          <KIND>声明</KIND>
          <IMPORTANCE>Essential</IMPORTANCE>
          <MESSAGE>“s”可能为 NULL</MESSAGE>
        </KEYEVENT>
      </SFA>
      <SFA>
        <FILEPATH>e:\学习\大三上\编译技术\编译技术课程设计\1200cc\1200cc\</FILEPATH>
        <FILENAME>util.c</FILENAME>
        <LINE>149</LINE>
        <COLUMN>7</COLUMN>
        <KEYEVENT>
          <ID>2</ID>
          <KIND>声明</KIND>
          <IMPORTANCE>Full</IMPORTANCE>
          <MESSAGE>“s”是“memcpy”的输入/输出参数(在 c:\program files (x86)\microsoft visual studio 14.0\vc\include\vcruntime_string.h:40 处声明)</MESSAGE>
        </KEYEVENT>
      </SFA>
      <SFA>
        <FILEPATH>e:\学习\大三上\编译技术\编译技术课程设计\1200cc\1200cc\</FILEPATH>
        <FILENAME>util.c</FILENAME>
        <LINE>150</LINE>
        <COLUMN>12</COLUMN>
        <KEYEVENT>
          <ID>3</ID>
          <KIND>使用情况</KIND>
          <IMPORTANCE>Essential</IMPORTANCE>
          <MESSAGE>已取消对“s”的引用，但可能仍为 NULL</MESSAGE>
        </KEYEVENT>
      </SFA>
    </PATH>
  </DEFECT>
  <DEFECT>
    <SFA>
      <FILEPATH>e:\学习\大三上\编译技术\编译技术课程设计\1200cc\1200cc\</FILEPATH>
      <FILENAME>util.c</FILENAME>
      <LINE>165</LINE>
      <COLUMN>11</COLUMN>
    </SFA>
    <DEFECTCODE>6011</DEFECTCODE>
    <DESCRIPTION>取消对 NULL 指针“src”的引用。</DESCRIPTION>
    <FUNCTION>new_srcfile</FUNCTION>
    <DECORATED>new_srcfile</DECORATED>
    <FUNCLINE>160</FUNCLINE>
    <PROBABILITY>1</PROBABILITY>
    <RANK>4</RANK>
    <CATEGORY>
      <RULECATEGORY>mspft</RULECATEGORY>
    </CATEGORY>
    <PATH>
      <SFA>
        <FILEPATH>e:\学习\大三上\编译技术\编译技术课程设计\1200cc\1200cc\</FILEPATH>
        <FILENAME>util.c</FILENAME>
        <LINE>162</LINE>
        <COLUMN>10</COLUMN>
        <KEYEVENT>
          <ID>1</ID>
          <KIND>声明</KIND>
          <IMPORTANCE>Essential</IMPORTANCE>
          <MESSAGE>“src”可能为 NULL</MESSAGE>
        </KEYEVENT>
      </SFA>
      <SFA>
        <FILEPATH>e:\学习\大三上\编译技术\编译技术课程设计\1200cc\1200cc\</FILEPATH>
        <FILENAME>util.c</FILENAME>
        <LINE>163</LINE>
        <COLUMN>6</COLUMN>
      </SFA>
      <SFA>
        <FILEPATH>e:\学习\大三上\编译技术\编译技术课程设计\1200cc\1200cc\</FILEPATH>
        <FILENAME>util.c</FILENAME>
        <LINE>164</LINE>
        <COLUMN>16</COLUMN>
      </SFA>
      <SFA>
        <FILEPATH>e:\学习\大三上\编译技术\编译技术课程设计\1200cc\1200cc\</FILEPATH>
        <FILENAME>util.c</FILENAME>
        <LINE>165</LINE>
        <COLUMN>11</COLUMN>
        <KEYEVENT>
          <ID>2</ID>
          <KIND>使用情况</KIND>
          <IMPORTANCE>Essential</IMPORTANCE>
          <MESSAGE>已取消对“src”的引用，但可能仍为 NULL</MESSAGE>
        </KEYEVENT>
      </SFA>
    </PATH>
  </DEFECT>
</DEFECTS>